ID;Hora de inicio;Hora de finalización;Correo electrónico;Nombre;Hora de la última modificación;Nombre2;Genero;¿qué tanto le gusta la música flamenca?;¿qué tanto le gusta la música clásica?;¿qué tanto le gusta la música pop?;¿qué tanto le gusta la música reggaeton?;¿qué tanto le gusta la música heavy metal?;¿qué tanto le gusta la música bachata?;¿qué tanto le gusta la música salsa?;¿qué tanto le gusta la música blues?;¿qué tanto le gusta la música rock?;¿qué tanto le gusta la música merengue?;¿qué tanto le gusta la música electrónica?;¿qué tanto le gusta la música tango?;¿qué tanto le gusta la música jazz?;¿qué tanto le gusta la música cumbia?;¿qué tanto le gusta la música andina?;¿qué tanto le gusta la música rap?;¿qué tanto le gusta la música norteña?;¿qué tanto le gusta la música reggae?;¿qué tanto le gusta la música country?;Estatura (en centimetros);Número de contactos en Linkedin;Horas gastadas la última semana en el teléfono móvil;Tiempo de transporte de la casa  a la Universidad;Horas de sueño promedio la última semana;Número de países visitados;Medio de transporte a la Universidad más usado;Bebida (no alcoholica) preferida
1;9/20/26 17:16:32;9/20/26 17:23:00;anonymous;;;;Femenino;1;4;5;3;4;4;5;3;5;2;4;1;4;3;1;4;1;2;5;157;85;20;13;62;9;Carro;Agua
2;9/25/26 10:04:17;9/25/26 10:07:12;anonymous;;;Nicolas Torres ;Masculino;1;4;3;1;4;2;2;2;3;2;4;2;1;1;1;2;1;1;1;165;22;47;50;6;2;Transporte público;café /té
3;9/25/26 10:04:10;9/25/26 10:07:16;anonymous;;;Nicolas Castañeda Vargas ;Masculino;1;2;3;3;2;3;3;2;2;3;3;2;2;2;2;2;3;3;2;170;0;20;50;7;0;Transporte público;Jugo
4;9/25/26 10:05:26;9/25/26 10:07:38;anonymous;;;Juan Daniel Ortiz Quecan;Masculino;2;3;3;4;2;3;4;4;4;4;2;3;4;2;1;3;1;1;1;180;3;7;90;5;4;Transporte público;Jugo
5;9/25/26 10:12:34;9/25/26 10:14:41;anonymous;;;Andres Caro ;Masculino;1;2;4;5;1;4;5;2;3;4;4;1;3;3;2;5;1;4;1;190;33;50;1;6;1;Moto;Otra
6;9/25/26 11:34:25;9/25/26 11:36:45;anonymous;;;Alejandro Doncel Martinez;Masculino;4;4;5;5;2;5;5;2;4;5;5;3;3;3;4;4;5;4;4;170;132;42;2;7;3;Transporte público;Jugo
7;9/25/26 11:37:42;9/25/26 11:40:24;anonymous;;;Steven Peinado;Masculino;3;4;4;5;1;5;5;4;3;4;3;3;4;4;1;5;2;3;3;171;7;5;1;6;0;Transporte público;Agua
8;9/26/26 7:02:33;9/26/26 7:08:26;anonymous;;;Santiago Ibarra;Masculino;1;3;3;5;2;2;5;4;5;3;2;2;4;2;2;3;3;1;2;171;0;6;60;6;10;Transporte público;café /té
9;9/26/26 8:05:48;9/26/26 8:11:44;anonymous;;;Mariana Grijalba Mora;Femenino;1;3;5;5;2;5;5;2;5;3;;1;3;1;1;5;1;5;1;165;40;40;12;6;10;Otro;café /té
10;9/27/26 15:31:40;9/27/26 15:37:10;anonymous;;;Juan David Ordoñez Jimenez ;Masculino;2;2;3;5;2;4;5;4;4;4;3;2;2;4;2;5;3;3;2;173;60;20;90;65;3;Carro;Agua
11;9/27/26 21:22:47;9/27/26 21:24:21;anonymous;;;Juan Camilo Carvajal Rodríguez;Masculino;3;4;5;5;5;5;5;3;5;5;5;3;2;4;3;5;5;5;5;179;234;3;2;7;4;Carro;Agua
12;9/28/26 10:34:18;9/28/26 10:36:52;anonymous;;;Santiago Correa Caicedo;Masculino;1;2;3;5;2;4;3;1;4;5;4;2;1;2;2;4;5;3;1;183;1;9;60;7;8;Transporte público;Otra
13;9/29/26 11:21:51;9/29/26 11:24:11;anonymous;;;;Masculino;3;3;5;3;2;3;3;3;4;3;4;3;4;3;3;3;2;3;2;185;0;20;50;40;3;Transporte público;Jugo
14;;;;;;Sergio Alejandro Amaya Paez;Masculino;3;3;4;5;3;4;4;3;4;4;5;3;3;3;3;4;2;3;3;160;3;35;30;7;3;Otro;Agua
